<schemalist gettext-domain="gnome-shell-extensions">
  <schema id="org.gnome.shell.extensions.clipboard-indicator"
      path="/org/gnome/shell/extensions/clipboard-indicator/">

    <key name="enable-deletion" type="b">
      <default>true</default>
        <summary>Enable the deletion of clipboard items from your history</summary>
        <description>
            If true, displays 'delete' buttons on each item, and a 'Clear History' option
        </description>
    </key>

    <key type="i" name="refresh-interval">
        <default>1000</default>
        <summary>The interval between updates in miliseconds</summary>
        <description>The interval between updates in miliseconds </description>
        <range min="500" max="5000"/>
    </key>

    <key type="i" name="history-size">
        <default>15</default>
        <summary>The number of items to save in history</summary>
        <description></description>
        <range min="1" max="200"/>
    </key>

    <key type="i" name="display-mode">
        <default>0</default>
        <summary>What to display in top bar</summary>
        <range min="0" max="2"/>
    </key>

    <key name="disable-down-arrow" type="b">
      <default>false</default>
        <summary>Remove down arrow in top bar</summary>
    </key>

    <key type="i" name="preview-size">
        <default>30</default>
        <summary>Amount of visible characters for clipboard items </summary>
        <description>
            The number of characters to display for every clipboard item in
            the history menu
        </description>
        <range min="10" max="100"/>
    </key>

    <key type="i" name="topbar-preview-size">
        <default>10</default>
        <summary>Amount of visible characters in topbar </summary>
        <description>
            The number of characters to display for current clipboard item in the topbar
        </description>
        <range min="1" max="100"/>
    </key>

    <key type="i" name="cache-size">
        <default>1024</default>
        <summary>The allowed size for the registry cache file</summary>
        <description>
            If the cache overflows this limit, the file will be overriden.
            High limit might cause slowness of shell startup.
        </description>
        <range min="512" max="16384"/>
    </key>

    <key name="cache-only-favorites" type="b">
      <default>false</default>
        <summary>Disable the registry cache file for favorites and use memory only</summary>
        <description>
            Contents which are not favorites are not stored and retrieved from a cache (registry.txt) file.
            This can avoid writing passwords to a plaintext file, but at the cost of persistant history.
            Your clipboard history, except favorite items, is lost after a gnome-shell session ends or the extension is reloaded.
        </description>
    </key>

    <key name="notify-on-copy" type="b">
      <default>false</default>
        <summary>Show notification on copy to clipboard</summary>
        <description>
            If true, a notification is shown when content is copied to clipboard.
        </description>
    </key>
    <key name="strip-text" type="b">
      <default>false</default>
      <summary>Remove whitespace around text</summary>
      <description>
        If true, white spaces around text will be removed.
      </description>
    </key>
    <key name="move-item-first" type="b">
      <default>false</default>
        <summary>Move items to the top of the list when selected.</summary>
        <description>
            If true, move items to the top of the list when it is selected.
        </description>
    </key>

    <key name="enable-keybindings" type="b">
      <default>true</default>
        <summary>Enable the keyboard shortcuts</summary>
        <description>
            If true, user can delete and cycle through the history with keyboard shortcuts
        </description>
    </key>
    <key name="clear-history" type="as">
      <default><![CDATA[['<Ctrl>F10']]]></default>
      <summary>Key to clear the history</summary>
      <description>
      </description>
    </key>
    <key name="prev-entry" type="as">
      <default><![CDATA[['<Ctrl>F11']]]></default>
      <summary>Key to cycle to the previous entry in the clipboard</summary>
      <description>
      </description>
    </key>
    <key name="next-entry" type="as">
      <default><![CDATA[['<Ctrl>F12']]]></default>
      <summary>Next entry</summary>
      <description>
        Key to cycle to the next entry in the clipboard
      </description>
    </key>
    <key name="toggle-menu" type="as">
      <default><![CDATA[['<Ctrl>F9']]]></default>
      <summary>Toggle the menu</summary>
      <description>
        Key to toggle the clipboard menu
      </description>
    </key>
  </schema>
</schemalist>
